{"options":{"check_for_updates":false,"comment":null,"compat_foreach":false,"compat_metadata":false,"compat_prototypes":false,"compat_wrappedjsobject":false,"compatopts_for_requires":true,"noframes":null,"override":{"merge_connects":true,"merge_excludes":true,"merge_includes":true,"merge_matches":true,"orig_excludes":[],"orig_includes":[],"orig_matches":["https://geekhub.com/*","https://www.geekhub.com/*"],"orig_noframes":null,"orig_run_at":"document-idle","use_blockers":[],"use_connects":[],"use_excludes":[],"use_includes":[],"use_matches":[]},"run_at":null},"settings":{"enabled":true,"position":12},"meta":{"name":"GeekHub via X","uuid":"9c797115-cc25-4f6a-b552-77bcce8d5f75","modified":1607765512616,"file_url":"https://greasyfork.org/scripts/411948-geekhub-via-x/code/GeekHub%20via%20X.user.js"}}