{"data":{"ghhprefs":"s{\"shownotc\":[\"Y\",\"Show hit notices(Y|N)\"],\"mngpaneopen\":[\"Y-N\",\"Persistence enabled(Y|N),Pane was open(Y|N),Last tab number(1-4)\"],\"mngbtnstyle\":[\"both-ifrN-R-P-Y-H\",\"Display Manage Hiding button and Block buttons(mng|blk|both),In iframes(ifrN|ifrY),Position(R,T,B),Block button display(P,M),Block button tooltips(Y|N), Block button position(H|C)\"],\"addtolistpos\":[\"end\",\"Where to add new hits to block lists(end|top|sort)\"],\"aggressiveblock\":[\"none\",\"Which domains to default to shorter form(none|all|www)\"],\"usemutation\":[\"on-Y\",\"Listen for mutation events(on|off),Use DOM4 Mutation Observer(Y|N)\"],\"oneclick\":[\"N-N\",\"One-click blocking(Y|N),Goes to Perma-ban(Y|N)\"],\"runbeta\":[\"N\",\"Enable incompletely tested features (Y|N)\"],\"reserved2\":[\"X\",\"Y\"]}","hideyback":"s|example.com:t|:t|:t|:t|:t|:t|:t|","hideyhosts":"s|example.com:t|:t|:t|:t|:t|:t|:t|005i.com:t|01-123.com:t|01-800.cn:t|021shfx.com:t|024ksm.com:t|025pc.cn:t|029jiakang.com:t|029soho.com:t|054wan.com:t|0551.us:t|069.net:t|0752173.com:t|079.254560.top:t|086wl.com:t|0931safe.com:t|0937673.info:t|0xzx.com:t|100860.com:t|101fashion.com.tw:t|10241314.com:t|103.hk:t|10615.com.cn:t|1141.net:t|114saige.com:t|123.125.114.18:t|1233win.com:t|125135.com:t|128ic.com:t|136.la:t|137997.com:t|14oo.cc:t|151.com.tw:t|1515u.com:t|15300.cn:t|1587555.com:t|15meili.com:t|163081.com:t|1666yl.com:t|16885518.com:t|173-fc.com:t|17dotaba.com:t|17xuexi.org:t|187801.com:t|19kaifu.com:t|1mpi.com:t|1pyy.com:t|1r1g.com:t|1wfd.com:t|20122011.org:t|209353.com:t|23cpc.com:t|23scg.cn:t|25065.net:t|252yy.net:t|26531.loan:t|2996299.com:t|2a2d75.dcmir4f.com:t|30333.loan:t|3137com.com:t|32xyj.pw:t|360adsolutions.com:t|360du.net.cn:t|38953h.cn:t|392623.com:t|3jwz.com:t|3li.cc:t|3rxing.org:t|3ssq8z.bmspzs.pw:t|3v4.net:t|400839.com:t|4382.loan:t|4659866.com:t|4743.loan:t|4910.com:t|4blc.com:t|4c94.cn:t|4pee.com:t|4r8.nfjhn.com:t|507q96.cn:t|51bbo.com:t|51dongshi.com:t|51qutuanjian.com:t|51ttxue.com:t|51xmz.com:t|520bdy.com:t|52fuqu.com:t|52youguan.com:t|5403.net:t|5467.com:t|55118885.com:t|567516.com:t|56weiyu.com:t|5730.net:t|57c69d.bb6zz.com:t|57zhuan.cn:t|58pan.cn:t|591522.com:t|59177.net:t|5azy.com:t|5eso.com:t|5ibook.net:t|5k33i.cn:t|5pk.ah.2j0.iyu.y7.l99.m.7d6y.com:t|611fu.com:t|635sc.com:t|65at.cc:t|666so.cn:t|68suan.com:t|68xi.com:t|6ke89.cn:t|70ol.com:t|710dnuv.com:t|732722.com:t|75q.net:t|75yy.com:t|77tui.cn:t|793985.com:t|7dianying.com:t|7gt80.com:t|807z8.cn:t|81819.download:t|818497.39164.com:t|81age.com:t|842504.com:t|850310.com:t|8558.me:t|8671555.com:t|86clouds.com:t|87nmg.com:t|8801w.com:t|888777.xyz:t|8923.download:t|8lk.com:t|8sou.net:t|9000wy.info:t|901209.com:t|91096762.k201.opensrs.cn:t|9154555.com:t|91cheap.net:t|91xfb.com:t|92yeyu.com:t|9672800.win:t|9744.cc:t|98248.loan:t|993113.cn:t|999kaopu.com:t|99mingpian.com:t|9wxs.com:t|9yyu.com:t|a372.cn:t|aaiv.net:t|abadisurvey.com:t|abdwap.work:t|abks.hfges.top:t|acehfoto.com:t|adwithaglobal.com:t|aeo.com.cn:t|aew-sdn.com:t|aibu8w.com:t|aimees.cn:t|airsatddt.com:t|alia.xlhad.top:t|alisousou.com:t|aliziarealestate.com:t|allside.news:t|allweblink.com:t|almtlakes.org:t|ameliapharm.com:t|amzalborz.com:t|anderson-machineries.com:t|angiefans.com:t|anhuilife.com:t|anitadreamhotel.com:t|anlon.com.tw:t|answer-id.com:t|answiz.com:t|antarcticshop.com:t|anticaitaliacomano.it:t|anysafer.com:t|aosae.com:t|appleglitz.com:t|aptvgo.com:t|archtek.com.tw:t|artwebradio.com:t|ask.todgo.com:t|asp.cx:t|asspunk.iteye.com:t|atamaldives.net:t|atwhcb.com:t|austrade-ch.com:t|baba100.com:t|baidle.com:t|baidu.com.024women.com:t|baidu.com.27f8d94bd0b249a6a9168b1e26efbee7.kaweiso.com:t|baidu.com.s.2fjc5sedmhi5enihkmsurq7smzl5kzvwx2aehaa8ollo7miojqwlkkzobt0w2.e6b885e5bfae899d.zhulhua.com.cn:t|baidu.com.se:t|baidu.com.swd1rsv_spt1rsv_iqid.1234on.com:t|baidu.com.txzer.com:t|baidu.fileso.com:t|baidu.mx:t|baidu.seo-taiwan.com:t|baiduer.com.cn:t|baiduwangpan.cn:t|bainei.com:t|baishengyl82.date:t|bajieyou.com:t|baojiabao.com:t|barcode-label.com.cn:t|basoso.com:t|bbbabc.cc:t|bbs.pcbeta.ex1.ipv6.xjklmy.com:t|bbsmax.com:t|bcajw.com:t|bccrwp.org:t|bdqxgw.com:t|bdw365.com:t|becreativeblog.com:t|bellevuewatourism.com:t|beqve.cn:t|bestpdm.com:t|bg8399.com:t|biabu.com.cn:t|big-tits-and-round-asses.com:t|bigdatabuy.com:t|bigeunion.com:t|bikerschallenge.com:t|bjhongxiangyuyu.com:t|bjqcjh.com:t|bjrailwayhotel.com:t|bkcmt.com:t|blog.jiecaoba.cn:t|bluefly.com.tw:t|bmhjq.net:t|bmlu.com.cn:t|bntuan.com:t|boadt8.co:t|boboad.com:t|bocaipingji.26my.com:t|bolangwan.com:t|bongnao.cn:t|boschgl.com:t|bridgeportmilitaryacademy.net:t|brlbarel.com:t|bstcy.com:t|btwmch.com:t|buaq.net:t|buylun.com:t|bvjpsb.net:t|bxlac.com:t|bynss.com:t|bypidenver.com:t|bzwyl.com:t|ca88-com.net:t|caao.net:t|cadfanholidays.co.uk:t|caijing114.com:t|cameron-a-reviews.com:t|cashlendup.net:t|cbbxk.com:t|cdbao.ex5.ipv6.xjklmy.com:t|cencelli.it:t|chacalanghanoi.com:t|chagzh.com:t|chaojiss.com:t|chaoyue.link:t|check4herpes.com:t|chengzi1058.com:t|chezaiyi.cn:t|chihome.com.tw:t|chihovet.com.tw:t|china-jianzhu.com:t|china-nzgys.com:t|chinadmd.com:t|chinapentapur.com:t|chineseinla.com:t|chromes.cn:t|ciawe.com:t|cihangyuan.com:t|city1.cn:t|cjsoso.com:t|ckshishang.com:t|classicalguitarandbeyond.com:t|cnto411.com:t|codebug.vip:t|codejzy.com:t|codenong.com:t|coder.work:t|codercto.com:t|codycn.com:t|com.sinoextruder.net.cn:t|compozi.com:t|copyan.com:t|could2.com:t|coutinhoadvogados.com:t|cqsscai3188.com:t|cqxhfgz.com:t|cscec7bjt.com:t|ctcea.org:t|custompatches4u.com:t|cxjygj.com:t|cy-hl.com:t|cyclesurfstudio.com:t|cyhs888.com:t|cyhtzd.com:t|czmuhe.com:t|daidaigou.org:t|dainifei.info:t|daizhiduo.com:t|damingweb.com:t|daokeyou.top:t|daxuesou.com:t|dc120.com.cn:t|ddhyl.cn:t|ddoca.com:t|deal4investments.com:t|desertstreams-surprise.com:t|dflag.pw:t|dgbx888.com:t|dglangan.com:t|dglnfk.com:t|dgso.cn:t|dgth88.com:t|dgweiliangboli.com:t|diaochezulingongsi.com:t|diaosizhainan.com:t|differentsplit.com:t|dingfu68.com:t|dingjisc.com:t|djyz007.com:t|dlcswm.com:t|doczj.com:t|donglian640.com:t|dongnanshan.com:t|doo.me:t|dpwatch8.com:t|dqzdhw.com:t|duanzh.com:t|duanzhihu.com:t|dunstanhardcastle.com:t|duoduohelp.com:t|duonao.cc:t|dxxc.com:t|dy1991.com:t|dyzdy.cn:t|eayzer.com:t|ec-n.net:t|ecvss.org:t|ed2ks.com:t|edwardianjewellery.com:t|efwm.qswrj.download:t|ek162.com:t|ekyah.link:t|enchantedauction.com:t|energietarieven-vergelijken.com:t|entertainment14.net:t|eooele.com:t|eqisou.net:t|erdie826.com:t|esame.cn:t|eshidai.com:t|esihui.com:t|exemm.com:t|exoplanetmagazine.com:t|expressionssurat.com:t|exthe247.com:t|f2qu.com:t|fafa42.bb6zz.com:t|fags.vdeaj.top:t|faithfilledapparel.com:t|fangbianyouyu.com:t|farsportswheels.com:t|fastso.cn:t|fatie.me:t|fbws.razot.top:t|feihongxuexiao.com:t|fenglangty.com:t|feqn.top:t|ffbc57.d071.com:t|fhkyg.cricket:t|findapk.cn:t|findeen.co.uk:t|findeen.com:t|fiscusseamlessguttering.com:t|fjaxlzy.com:t|fjyy.ncznx.top:t|floridamotocrosstracks.com:t|flyzyblog.com:t|fnk.seqe.org.cn:t|forenose.com:t|free-lunwen.com:t|free699.com:t|friga.de:t|frong.net:t|fsyingxin.com:t|furniturelowe.com:t|fuwuqiceping.com:t|fuyimokuai.com:t|fuyingdq.com:t|fwtd.cn:t|fydqw.com:t|fzjk.kxhsm.top:t|gaaf.klvgb.loan:t|gaiwen.com:t|gametalk.site:t|gaojiq.cn:t|gbfgg.cn:t|gd12121.com:t|gdcmendhar.com:t|geek-share.com:t|geiso.cn:t|geistlich-key2success.com:t|getool.com:t|gfsoso.zj005.com:t|gfsousou.cn:t|gfsstp.com:t|ggc-asia.com:t|ggsloreleykoelnde.com:t|ghosttrainbuilder.com:t|gionee.com:t|gjfs.com.cn:t|gkgjws.com:t|glassessalecp.com:t|gogonews.cc:t|googqi.com:t|gouo.cn:t|graphenstone-china.com:t|grinstreet.ru:t|gsmxm.com:t|gufen138.com:t|guilinshouji.com:t|guiyangjia.com:t|gxy995.com:t|gz-has.com:t|gzdxdjk.com:t|gzgxzsj.com:t|gzlcsx.com:t|gzxijiya.com:t|haier188.us:t|hang365.com:t|hangyexia.com:t|hanlefang.net:t|hao123.0554.us:t|hao136.com:t|hao4k.cn:t|hao8.net:t|haohuolife.com:t|haoqu.org:t|haorizs.com:t|haoxp123.com:t|haoyar.com:t|haoyiwuliu.com:t|hblp.cn:t|hbzfgs.com:t|hcoj.uonwt.download:t|hd800.net:t|hdnkm.com:t|heciao.com.tw:t|hedo188.com:t|help315.com.cn:t|henankuai328.bid:t|hgfzf.cn:t|hgmfy.cn:t|hgqbq.cn:t|hicaopan.com:t|highdesertboutiquevendors.com:t|hipstacowboys.com:t|hitalk.site:t|hjtoysco.cn:t|hk.kuaiso.com:t|hkhvd.com:t|hmgzj.cn:t|hnkj21.com:t|hnsmpf.com:t|homeliva.com:t|homewanchai.com:t|honghuahui.app:t|hongsheng1998.com:t|hoosoo.cc:t|hotbak.net:t|howsou.com:t|hq396.com:t|hssjw.cn:t|htdzzk.com.cn:t|huangheidc.com:t|huangjinqihuo.com:t|huanqiao406.com:t|huo123.cc:t|hxfldsz.com:t|hyyl186.com:t|hz-xin.com:t|hzreader.com:t|i3baby.com:t|iaac.com.cn:t|ibnsales.com:t|icanopen.com:t|icb2011.com:t|icmat.net:t|ijinfa.cn:t|ikue.info:t|imadebrand.com:t|image.haosou.com:t|immo-logis.net:t|innofthedovedallas.com:t|insideabritishmumskitchen.com:t|insitedesigns.net:t|intowuzhen.com:t|iolstl.com:t|ironbuffalocomics.com:t|it1352.com:t|itdaan.com:t|itranslater.com:t|iuham.com:t|iyangzhi.com:t|izlax.cn:t|jalsys.com:t|javaer101.com:t|jayunqi.com:t|jbsmzx.com:t|jbstilwellauthor.com:t|jccreate.com:t|ji9.org:t|jiajvhuishou.com:t|jimengli.com:t|jinbei.com:t|jingyufu.com:t|jingzhunqy.com:t|jinhua888.cn:t|jiuto.cn:t|jiuwei.kuaiso.com:t|jixiangfang.ws:t|jjj.gra-bnoqp.mianfeiwenku.com:t|jk.zhihu.la:t|jlytgs.com:t|jms88bwq.com:t|jmydtc.com:t|joecomp.com:t|jollyny.com:t|jonf.info:t|jordanoliveira.com:t|joyk.com:t|jsgaoxin.com:t|jshyjj.com:t|jslzx.com:t|jsso.cc:t|jswyhq.com:t|jun365.net:t|jusoso.com:t|jxsfgg.com:t|jzhyfrp.com:t|jzxfz.com:t|k3m8dr.cn:t|kabaresta.com:t|kaicen.cn:t|kaitianqi.com:t|kanduanxin.com:t|kaoyu.org:t|kathymorganvoice.com:t|kbck.tzrui.top:t|kerrismn.com:t|kinlawswelcomegrill.com:t|kjdzd.com:t|kk159p.cn:t|kknews.cc:t|kkth.xj.cn:t|ksxianglu.com:t|kuaidichaxun.com.cn:t|kuaisan9588.cc:t|kuaiso.hk:t|kuaisounews.com:t|kubh.lkcpz.download:t|kushalinfra.com:t|kushibar.com.tw:t|kutu66.com:t|kxwo.com:t|kxxzz.com:t|l3x3.cn:t|ladresse-auxerre-cpaimmo.com:t|lamigoclub.com.tw:t|landiannews.com:t|langbookpublishing.com:t|lanzhouyangsheng.com:t|lawpert.com:t|lawpingsew.com:t|lbbaptist.com:t|lcjkgc.cn:t|lemonbiscuitcrumbs.com:t|leyunad.com:t|lfkz.ucvst.top:t|lhckds.com:t|lighteningtikes.com:t|lightfly.com.cn:t|linksure.cn:t|linqq.net:t|live1234.com.cn:t|liwuxian.com:t|ljkqj.loan:t|lkjfglass.com:t|lkmheatlock.com:t|llzdhb.com:t|lnbird.com:t|locvps.xyz:t|loltftpro.com:t|lomoo.com:t|lopshire.net:t|lotterychina.cn:t|lrgjg.com:t|lsmoody.com:t|lsxyy.net:t|lubianfeng.com:t|luntan88.com:t|lushanwenku.com:t|luton-china.com:t|luxury-condos-miami.com:t|lvse.com:t|lvv2.com:t|lwesedu.com:t|lxway.com:t|lxway.net:t|ly-sz1y.com:t|lyy57.cn:t|lzbxgmjj.com:t|lzf2012.usa10.sethost.cn:t|m7v.org:t|machbbs.com:t|mai520.cn:t|mammothlakescrib.com:t|mcp-one.com:t|mdeditor.tw:t|mdlpg.com:t|mdlps.com:t|mdlpt.com:t|me348i.cn:t|meirongbala.com:t|meixiaqu.com:t|mensconsignment.com:t|meteko.com.tw:t|mianfeiwendang.com:t|middermacon18.com:t|mimeplay.club:t|minimidimaxidress.com:t|mittagongmultimedia.com:t|mobilephoneslive.com:t|mofish.work:t|moktime.com:t|montepozuelo.com:t|mosuo.com.cn:t|mosuo.net:t|movervip.com:t|movgod.com:t|mqjnni.co:t|mrcwebapps.com:t|mrslevin.com:t|mt-v.com:t|mtgrupovega.com:t|mthmq.com:t|mtsdb.com:t|mtsou.com:t|mtzdyyey.com:t|mushihua.org:t|mx185.com:t|mxgroup.ru:t|mxtube.net:t|my-olli.com:t|nabba-ua.com:t|naotan020.com:t|natashaenglehardt.com:t|nbyoho.com:t|ncgtw.com:t|nenjiaren.com:t|newcastle.net.cn:t|news.yszx2a.com:t|newtoday.cc:t|nexteer.cc:t|nimasou.me:t|niostack.com:t|niubb.net:t|njrbk.com:t|njxhmbj.com:t|njyyjsxx.com:t|nmhjw.cn:t|nong.09086.cn:t|nongyetai.com:t|notwiki.cn:t|novascotiascott.com:t|ntustsg.com:t|nxtoten.com:t|o2onlyone.net:t|obnseo.com:t|odf-ts.com:t|odkeji.com:t|offblastsoftworks.com:t|ohoneyjade.com:t|oikm.net:t|okzixun.net:t|oliobonamini.com:t|omniwise.com.tw:t|oneho.cn:t|ooxy.esgpm.top:t|optima-ski.com:t|ose.cc:t|ost-us.com:t|otrjobmatch.com:t|ouiot.com:t|ouyiyule8.com:t|ov333.com:t|owlapps.net:t|p8ce.com:t|pabj.net:t|padiran-restaurant.com:t|palicaishi.com:t|pan.haoii123.com:t|pan.yini.me:t|paruze.com:t|pcok100.com:t|peiyige.com:t|pexim.vn:t|photoplayhouse.com:t|pianshen.com:t|pigfun.cn:t|pinxia.cc:t|pitalitobicentenario.com:t|pjmrw.cn:t|pjszy.com:t|platinumpro-online.com:t|pledz.cn:t|pmyx.net:t|products212.com:t|programmer.help:t|projectservers.net:t|psgy.qqabf.download:t|puataiwan.com:t|pzft.xekjn.top:t|q2xaea.aqzlmy.pw:t|q5j.org:t|qastack.cn:t|qcuao.top:t|qiandaohutrip.cn:t|qianzhaopeng.com:t|qioa.pw:t|qiongbaba.net:t|qiongling.com:t|qiongwengc.cn:t|qiuxiami.com:t|qiuzhi5.com:t|qiyerz.com:t|qljjgw.com:t|qmvdy.com:t|qqcaipu.com:t|qqshouyou.com:t|qqzhix.com:t|qqzxzq.me:t|qslcg.com:t|qslcz.com:t|qu02.com:t|quanbuso.com:t|quantumafrica4.com:t|qubaidu.cn:t|qubian.cn:t|quweiso.com:t|qyqstore.com:t|raisingjane.net:t|rcxtw.cn:t|re2n9p.fmtywj.pw:t|read01.com:t|read678.com:t|reallifetucson.com:t|relcare.com.cn:t|renniboix.loan:t|rightwithgod.net:t|rjqyl.com:t|rkgpc.date:t|rockero.com.py:t|royaloakblean.com:t|rtmj.net:t|ry8zx.com:t|rzki.gibmk.download:t|sadyr.party:t|saerim.net:t|salon-diana.net:t|sanwenba.com:t|saojiejie.023mp.net:t|saopaulocalling.org:t|saryagash-tour.com:t|sbskf.com:t|scptol.com:t|sdbeta_com.sx11xuan561.review:t|sdcnjt.com:t|sdfymy777.com:t|sdlhw.com.cn:t|sdrb.net:t|sdss.cn:t|sdwanbo.com:t|sdzwhmw.com:t|search.discuz.qq.com:t|sebastianyepesdesign.com:t|seedsbuddy.com:t|seemk.com:t|sh-jieao.com:t|shangdixinxi.com:t|shantiyogatupelo.com:t|shanyouwang.com:t|shatangju.net:t|shcg.cn:t|shdisheng.cn:t|shen-zhan.com:t|shengyijixie.com:t|shenso.wang:t|shiai4444.com:t|shkxsy.cn:t|shouji211.com:t|shuangsan.cn:t|shve.org:t|shxy888.com:t|shzewang.com:t|simonmarketingagency.com:t|simplesend.com:t|sirdesmonddesilvaqc.com:t|sitevalue.net:t|sj.itdqs.com:t|sj55.org:t|sjzdsy.com:t|sk2.net:t|skyline-pallc.com:t|sl800.cn:t|slandail.net:t|slavadesigns.com:t|slgjg.com:t|smallbizdiary.com:t|smtp.ns2.mywindowsolution.com:t|snplw.cn:t|so.100lw.com:t|so.365vsh.com:t|so.520meiyuan.com:t|so.7coder.com:t|so.81282.com:t|so.812dj.com:t|so.alc360.com:t|so.anggang.com:t|so.ciliba.com:t|so.cokcn.cn:t|so.cyweb.cn:t|so.dedeadmin.com:t|so.edczg.cn:t|so.gnsoso.com:t|so.haowen.org:t|so.lcxzs.cn:t|so.lkeshangpc.cn:t|so.nalc.com.cn:t|so.nshidai.net:t|so.sanlou.net:t|so.shenbojiawangbs.com:t|so.ttywx.com:t|so.tz365.cn:t|so.v3v4.com:t|so.vineken.com:t|so.vjiangyin.net:t|so.xiaohuihui.net:t|so.xn--vhq2kx24m.com:t|so.xy123.cc:t|so.yunfei89.com:t|so.zanhuangwang.com:t|so.znqnet.com:t|soba123.com:t|sodocs.net:t|soinside.com:t|sokuer.com:t|sokutu.com:t|somjj.com:t|sonanone.com:t|sosnboutique.com:t|sotop.org:t|sou-deng.com:t|sou.linmingyao.cn:t|sou.sfe8.com:t|soudiy.com:t|soumoye.com:t|souzhuang.cn:t|specialty-tire.com:t|speed.m.baidu.com:t|spudgreenlake.com:t|ssgwy.com:t|sshkz.com:t|stacknoob.com:t|stackoom.com:t|stackoverrun.com:t|standfordiabetes.com:t|steamcuba.com:t|stellavingzeinternational.com:t|sugarfree-photo.com:t|sulianqi.cn:t|sundaeshoes.com:t|supermobileqa.com:t|suxa.org:t|svwlx.cn:t|sweattheplay.com:t|systemcity.cn:t|szaksd.com:t|szbgp.com:t|szredsafe.com:t|takecare.com.tw:t|talleralcubo.com:t|tanghtine.com:t|taozx.cn:t|tapatalk.com:t|taptapdashonline.com:t|tarinaka.com:t|tceic.com:t|techwrestler.com:t|teentube18.org:t|telanganatopnews.com:t|tenjiao.net:t|texanatrailslodge.com:t|tg9.com:t|thaigraphicdesign.com:t|thebowhuntersjournal.com:t|thegentlemensboxinggym.com:t|thelatinoartproject.com:t|thelittlestrawberryfarm.com:t|themortgagebeyondnetwork.com:t|theupsstoredc.net:t|thinbug.com:t|tianman602.com:t|tigresounds.com:t|tihaofree.com:t|tixixuexi.com:t|tizuh.cn:t|tjjltx.com:t|tjqncj.com:t|tjydhz.com:t|tmjd.27mai.com:t|tomatoesweb.com:t|toms2013.com:t|tongfengqu.com:t|tongso.com:t|tool.jqhnt.com.cn:t|tpiorg.com:t|tpofy.com:t|tpst.com.cn:t|trendsshop.cn:t|triboulet.it:t|trust1688.com:t|tsns.xyz:t|tttiii.cc:t|tujour.com:t|tvkrimpenerwaard.nl:t|twgjy.com:t|twgreatdaily.com:t|twypage.com:t|txjingyi.com:t|tzboli.com:t|u158q5.cn:t|u88sz.com:t|uberalift.com:t|universalusbinstallerdownload.com:t|uomgb.com:t|uqseo.com:t|usechinavpn.com:t|usku.xawqr.accountant:t|uslos.com:t|uwenku.com:t|v6lr.adnfn.link:t|valuesfootprint.com:t|vcaaz.com:t|verycd9.com:t|vfbp.vqyew.loan:t|vhnaea8.com:t|vickarsgroup.com:t|video10216-gov.top:t|video12326-gov.top:t|video12366-gov.top:t|video12996-gov.top:t|video14536-gov.top:t|video14626-gov.top:t|video16086-gov.top:t|video16106-gov.top:t|video18786-gov.top:t|video6556-gov.top:t|video8496-gov.top:t|video91.com:t|viltd.com:t|visionaras.com:t|vk-c.net:t|vnlr.tduaz.top:t|voidcn.com:t|vonkalm.com:t|voorp.com:t|vpsak.com:t|vpsmm.com:t|vpsmr.com:t|vpsurl.com:t|vxiang1.com:t|w-yue.com:t|walkthetalkblog.com:t|wallpaper-photos.com:t|wangshuai.net:t|wanzi163.com:t|waterstaiwan.com.tw:t|ways2u.com:t|wd.haosou.com:t|web.mybnb.tw:t|webplus.org.cn:t|weiaizu.com:t|weibaoju.com:t|weibo5i.com:t|weiboroom.com:t|weimeiba.com:t|weimeicun.com:t|weivb.com:t|weixineda.com:t|weixingon.com:t|wenku1.com:t|wenshanok.com:t|wenshuw.com:t|westsectionclub.com:t|whitneytembelis.com:t|whysw88.com:t|wienfm.com:t|wikioi.com:t|windrimbuilding.com:t|wispypages.com:t|wj-o3.com:t|wjxwlr.cn:t|wldbs.com:t|wldci.com:t|wntzx.cn:t|wodekuandai.com:t|woniuidc.com:t|workhard.guru:t|woso.cn:t|wowoka.com:t|wpwfg.cn:t|wuji8.com:t|wwtw.yeane.top:t|www-54197.com:t|www3.udpdu.com:t|wyel.okqqz.top:t|wywqw.net:t|wznk.net:t|x77ba.com:t|xablgt.cn:t|xahaihongbz.com:t|xalssy.com.cn:t|xaylqh.com:t|xayyzsgc.com:t|xdjwm.com:t|xdrn.net:t|xgcs98.com:t|xianfanglei.com:t|xianjinghn.com:t|xiaobaike.net:t|xiaohui482.com:t|xiaosou.cc:t|xieetuuy.com:t|xilr.uwudk.top:t|xima.org:t|xinfuq.cn:t|xinguge.cn:t|xinhexinli.com:t|xjdpg.cn:t|xjguke.com.cn:t|xjlmst.com:t|xlfz.ybswv.top:t|xmaustar.com:t|xmtx88.com:t|xs.zhihu.la:t|xuie.pw:t|xuyich.com:t|xzhetdq.com:t|yamamah.net:t|yanapozarin.com:t|yao51.com:t|yataitextile.com:t|ybkhw.cn:t|ycluomen.com:t|ydxyw.cn:t|yeeed.com:t|yesterdaysapples.com:t|yfstone.net:t|yfytw.com:t|yibinyd.com:t|yidiansousuo.com:t|yingyuwen.com:t|yinweiaihuoguo.com:t|yinxiu266.com:t|yinyan.org:t|yiper.cn:t|yjebh.com:t|yjhxw.cn:t|yjsou.cn:t|ymeid.com:t|yngymy.com:t|yogacorepower.com:t|yon.hk:t|yoneihan.com:t|yougaowang.com:t|yqkk.ynzmb.loan:t|yqso.cn:t|yqzxdq.com:t|ys2344.com:t|ysboss.cn:t|ysou.pw:t|yteh.xpwqq.download:t|ytswx.com:t|yuanmacha.com:t|yulindown.com:t|yutongsh.com:t|yw168.cn:t|ywzvx.top:t|yxgjgc.com:t|yxjcfjzz.com:t|yxjdcc.com:t|yysit.com:t|z7yule.cn:t|zbqy.net:t|zbzhanheng.com:t|zcblsw.com:t|zcndt.cn:t|ze3.234665.top:t|zeqa.mygqi.top:t|zftmw.com:t|zggqyl.com:t|zgscxly.com:t|zhaihai.com:t|zhajun.com:t|zhangjingchu.org:t|zhanso.cn:t|zhaozhuji.com:t|zhenhesaun.com:t|zhihu.la:t|zhihujingxuan.com:t|zhipanyou.com:t|zhizhusou.com:t|zhongguogongyi.com:t|zhongrunzx.com:t|zhuaniphone.com:t|zihonggong.com:t|zipperjob.cn:t|zircondentalcraft.com:t|zixundingzhi.com:t|zjlianteng.com:t|zjqlct.com:t|zmtests.com:t|zodiacthefest.com:t|zpcsg.cn:t|zrzwpa.com:t|zuiyese.com:t|zvazx.link:t|zx001.com.cn:t|zxbx.awejp.top:t|zxsy5.com:t|zyldjd.com:t|zz759.com:t|zzhesheng.com:t|zzjwcf.com:t|cloud.tencent.com:t|"},"ts":1622199289984}