{"data":{"_global_id_":"n68606","globalKeydownEvent":"o{\"data\":{\"isTrusted\":true,\"key\":\"Control\",\"code\":\"ControlLeft\",\"location\":1,\"ctrlKey\":true,\"shiftKey\":false,\"altKey\":false,\"metaKey\":false,\"repeat\":false,\"isComposing\":false,\"charCode\":0,\"keyCode\":17,\"DOM_KEY_LOCATION_STANDARD\":0,\"DOM_KEY_LOCATION_LEFT\":1,\"DOM_KEY_LOCATION_RIGHT\":2,\"DOM_KEY_LOCATION_NUMPAD\":3,\"detail\":0,\"which\":17,\"type\":\"keydown\",\"eventPhase\":1,\"bubbles\":true,\"cancelable\":true,\"defaultPrevented\":false,\"composed\":true,\"timeStamp\":1004193.3000000119,\"returnValue\":true,\"cancelBubble\":false,\"NONE\":0,\"CAPTURING_PHASE\":1,\"AT_TARGET\":2,\"BUBBLING_PHASE\":3},\"tabId\":68597,\"title\":\"yi-Xu-0100/Application-Lists: 个人使用的应用程序列表，备用和备忘。\",\"referrer\":{\"ancestorOrigins\":{\"length\":0},\"href\":\"https://github.com/yi-Xu-0100/Application-Lists\",\"origin\":\"https://github.com\",\"protocol\":\"https:\",\"host\":\"github.com\",\"hostname\":\"github.com\",\"port\":\"\",\"pathname\":\"/yi-Xu-0100/Application-Lists\",\"search\":\"\",\"hash\":\"\"},\"updateTime\":1622553208816}","globalPictureInPictureInfo":"o{\"data\":{\"hasGlobalPictureInPictureElement\":true},\"tabId\":56657,\"title\":\"【超级小桀】多人图遇到老阴币 简直烦死了_哔哩哔哩 (゜-゜)つロ 干杯~-bilibili\",\"referrer\":{\"ancestorOrigins\":{\"length\":0},\"href\":\"https://www.bilibili.com/video/BV1fA411P7UJ\",\"origin\":\"https://www.bilibili.com\",\"protocol\":\"https:\",\"host\":\"www.bilibili.com\",\"hostname\":\"www.bilibili.com\",\"port\":\"\",\"pathname\":\"/video/BV1fA411P7UJ\",\"search\":\"\",\"hash\":\"\"},\"updateTime\":1615990134903}"},"ts":1622553455388}