{"options":{"check_for_updates":true,"comment":null,"compat_foreach":false,"compat_metadata":false,"compat_prototypes":false,"compat_wrappedjsobject":false,"compatopts_for_requires":true,"noframes":null,"override":{"merge_connects":true,"merge_excludes":true,"merge_includes":true,"merge_matches":true,"orig_excludes":[],"orig_includes":[],"orig_matches":["*://www.youtube.com/watch?v=*","*://www.youtube.com","*://www.youtube.com/*"],"orig_noframes":null,"orig_run_at":"document-start","use_blockers":[],"use_connects":[],"use_excludes":[],"use_includes":[],"use_matches":[]},"run_at":null},"settings":{"enabled":true,"position":13},"meta":{"name":"youtube中英双语字幕","uuid":"aa7b4a94-a8f9-40cf-a7b8-e261b70da0fe","modified":1613262814164,"file_url":"https://greasyfork.org/scripts/406994-youtube%E4%B8%AD%E8%8B%B1%E5%8F%8C%E8%AF%AD%E5%AD%97%E5%B9%95/code/youtube%E4%B8%AD%E8%8B%B1%E5%8F%8C%E8%AF%AD%E5%AD%97%E5%B9%95.user.js"}}