{"options":{"check_for_updates":true,"comment":null,"compat_foreach":false,"compat_metadata":false,"compat_prototypes":false,"compat_wrappedjsobject":false,"compatopts_for_requires":true,"noframes":null,"override":{"merge_connects":true,"merge_excludes":true,"merge_includes":true,"merge_matches":true,"orig_excludes":[],"orig_includes":[],"orig_matches":["*://www.youtube.com/watch?v=*","*://www.youtube.com","*://www.youtube.com/*"],"orig_noframes":null,"orig_run_at":"document-idle","use_blockers":[],"use_connects":[],"use_excludes":[],"use_includes":[],"use_matches":[]},"run_at":null},"settings":{"enabled":true,"position":10},"meta":{"name":"Youtube double language subtitle / Youtube 双语字幕","uuid":"ce63aced-ae7b-49d8-a319-1a3ba7c588e8","modified":1598581322294,"file_url":"https://greasyfork.org/scripts/397363-youtube-double-language-subtitle-youtube-%E5%8F%8C%E8%AF%AD%E5%AD%97%E5%B9%95/code/Youtube%20double%20language%20subtitle%20%20Youtube%20%E5%8F%8C%E8%AF%AD%E5%AD%97%E5%B9%95.user.js"}}