{"options":{"check_for_updates":true,"comment":null,"compat_foreach":false,"compat_metadata":false,"compat_prototypes":false,"compat_wrappedjsobject":false,"compatopts_for_requires":true,"noframes":null,"override":{"merge_connects":true,"merge_excludes":true,"merge_includes":true,"merge_matches":true,"orig_excludes":[],"orig_includes":[],"orig_matches":["https://www.aliyundrive.com/*","https://passport.aliyundrive.com/*","https://aliyundrive.com/*","https://passport.aliyundrive.com/*"],"orig_noframes":null,"orig_run_at":"document-idle","use_blockers":[],"use_connects":[],"use_excludes":[],"use_includes":[],"use_matches":[]},"run_at":null},"settings":{"enabled":false,"position":14},"meta":{"name":"【油猴中文网bbs.tampermonkey.net.cn】阿里云盘分享 By:李恒道","uuid":"94a52893-a1d0-4651-ab42-6abe78e22969","modified":1616561018568,"file_url":"https://script.tampermonkey.net.cn/40.user.js"}}