{"options":{"check_for_updates":true,"comment":null,"compat_foreach":false,"compat_metadata":false,"compat_prototypes":false,"compat_wrappedjsobject":false,"compatopts_for_requires":true,"noframes":null,"override":{"merge_connects":true,"merge_excludes":true,"merge_includes":true,"merge_matches":true,"orig_excludes":[],"orig_includes":["http*://*/kcms/detail/detail.aspx?dbcode=CMFD*","http*://*/kcms/detail/detail.aspx?dbcode=CDFD*","http*://*/KCMS/detail/detail.aspx?dbcode=CMFD*","http*://*/KCMS/detail/detail.aspx?dbcode=CDFD*"],"orig_matches":["http*://kns.cnki.net/kcms/detail/detail.aspx?dbcode=CMFD*","http*://kns.cnki.net/kcms/detail/detail.aspx?dbcode=CDFD*","http*://kns.cnki.net/KCMS/detail/detail.aspx?dbcode=CMFD*","http*://kns.cnki.net/KCMS/detail/detail.aspx?dbcode=CDFD*"],"orig_noframes":null,"orig_run_at":"document-idle","use_blockers":[],"use_connects":[],"use_excludes":[],"use_includes":[],"use_matches":[]},"run_at":null},"settings":{"enabled":false,"position":7},"meta":{"name":"中国知网CNKI硕博论文PDF下载","uuid":"e74c3a54-0d38-49c4-ac21-3c89c4610119","modified":1599741185274,"file_url":"https://greasyfork.org/scripts/389343-%E4%B8%AD%E5%9B%BD%E7%9F%A5%E7%BD%91cnki%E7%A1%95%E5%8D%9A%E8%AE%BA%E6%96%87pdf%E4%B8%8B%E8%BD%BD/code/%E4%B8%AD%E5%9B%BD%E7%9F%A5%E7%BD%91CNKI%E7%A1%95%E5%8D%9A%E8%AE%BA%E6%96%87PDF%E4%B8%8B%E8%BD%BD.user.js"}}