{"options":{"check_for_updates":true,"comment":null,"compat_foreach":false,"compat_metadata":false,"compat_prototypes":false,"compat_wrappedjsobject":false,"compatopts_for_requires":true,"noframes":null,"override":{"merge_connects":true,"merge_excludes":true,"merge_includes":true,"merge_matches":true,"orig_excludes":["*://login.taobao.com/*","*://pages.tmall.com/*","*://uland.taobao.com"],"orig_includes":[],"orig_matches":["*://item.taobao.com/*","*://*detail.tmall.com/*","*://*detail.tmall.hk/*","*://*.taobao.com/*","*://*.tmall.com/*","*://*.tmall.hk/*","*://*.liangxinyao.com/*","*://*.taobao.com/*","*://*.tmall.com/*","*://*.tmall.hk/*","*://*.jd.com/*","*://*.jd.hk/*","*://*.liangxinyao.com/*","*://*.baidu.com/*"],"orig_noframes":null,"orig_run_at":"document-idle","use_blockers":[],"use_connects":[],"use_excludes":[],"use_includes":[],"use_matches":[]},"run_at":null},"settings":{"enabled":true,"position":15},"meta":{"name":"去除百度搜索、百度文库、百度贴吧、百度百科、百度图片、百度视频、百度知道、百度地图、百度经验、百度翻译的广告","uuid":"44d4a8cf-93be-46cc-a680-dc4dd9e7350c","modified":1620632955949,"file_url":"https://greasyfork.org/scripts/424946-%E5%8E%BB%E9%99%A4%E7%99%BE%E5%BA%A6%E6%90%9C%E7%B4%A2-%E7%99%BE%E5%BA%A6%E6%96%87%E5%BA%93-%E7%99%BE%E5%BA%A6%E8%B4%B4%E5%90%A7-%E7%99%BE%E5%BA%A6%E7%99%BE%E7%A7%91-%E7%99%BE%E5%BA%A6%E5%9B%BE%E7%89%87-%E7%99%BE%E5%BA%A6%E8%A7%86%E9%A2%91-%E7%99%BE%E5%BA%A6%E7%9F%A5%E9%81%93-%E7%99%BE%E5%BA%A6%E5%9C%B0%E5%9B%BE-%E7%99%BE%E5%BA%A6%E7%BB%8F%E9%AA%8C-%E7%99%BE%E5%BA%A6%E7%BF%BB%E8%AF%91%E7%9A%84%E5%B9%BF%E5%91%8A/code/%E5%8E%BB%E9%99%A4%E7%99%BE%E5%BA%A6%E6%90%9C%E7%B4%A2%E3%80%81%E7%99%BE%E5%BA%A6%E6%96%87%E5%BA%93%E3%80%81%E7%99%BE%E5%BA%A6%E8%B4%B4%E5%90%A7%E3%80%81%E7%99%BE%E5%BA%A6%E7%99%BE%E7%A7%91%E3%80%81%E7%99%BE%E5%BA%A6%E5%9B%BE%E7%89%87%E3%80%81%E7%99%BE%E5%BA%A6%E8%A7%86%E9%A2%91%E3%80%81%E7%99%BE%E5%BA%A6%E7%9F%A5%E9%81%93%E3%80%81%E7%99%BE%E5%BA%A6%E5%9C%B0%E5%9B%BE%E3%80%81%E7%99%BE%E5%BA%A6%E7%BB%8F%E9%AA%8C%E3%80%81%E7%99%BE%E5%BA%A6%E7%BF%BB%E8%AF%91%E7%9A%84%E5%B9%BF%E5%91%8A.user.js"}}