{"options":{"check_for_updates":true,"comment":null,"compat_foreach":false,"compat_metadata":false,"compat_prototypes":false,"compat_wrappedjsobject":false,"compatopts_for_requires":true,"noframes":null,"override":{"merge_connects":true,"merge_excludes":true,"merge_includes":true,"merge_matches":true,"orig_excludes":[],"orig_includes":["/https?:\\/\\/www\\.bilibili\\.com\\/video\\/.*/"],"orig_matches":[],"orig_noframes":null,"orig_run_at":"document-end","use_blockers":[],"use_connects":[],"use_excludes":[],"use_includes":[],"use_matches":[]},"run_at":null},"settings":{"enabled":true,"position":9},"meta":{"name":"哔哩哔哩自动连播","uuid":"647d9beb-908e-40aa-ada0-9c0f88b8f908","modified":1597568731676,"file_url":"https://greasyfork.org/scripts/408516-%E5%93%94%E5%93%A9%E5%93%94%E5%93%A9%E8%87%AA%E5%8A%A8%E8%BF%9E%E6%92%AD/code/%E5%93%94%E5%93%A9%E5%93%94%E5%93%A9%E8%87%AA%E5%8A%A8%E8%BF%9E%E6%92%AD.user.js"}}