{"data":{"rwl_userData":"o{\"status\":1,\"version\":0.1,\"message\":\"啦啦啦,啦啦啦,我是卖报的小行家\",\"positionTop\":371,\"positionLeft\":0,\"positionRight\":\"auto\",\"addBtn\":false,\"connectToTheServer\":false,\"waitUpload\":[\"www.vzkoo.com\",\"doc.vzkoo.com\",\"3gmfw.cn\",\"www.doc88.com\",\"www.doc88.com\",\"reference.wolfram.com\",\"ke.qq.com\",\"www.jinzhun.net\",\"sddxs.sdsafeschool.gov.cn\",\"www.99meiju.tv\"],\"currentURL\":\"https://www.99meiju.tv/vodplay/7089-1-1.html\",\"rules\":{\"rule_def\":{\"name\":\"default\",\"hook_eventNames\":\"contextmenu|select|selectstart|copy|cut|dragstart|mousemove|beforeunload\",\"unhook_eventNames\":\"mousedown|mouseup|keydown|keyup\",\"dom0\":true,\"hook_addEventListener\":true,\"hook_preventDefault\":true,\"hook_set_returnValue\":true,\"add_css\":true},\"rule_plus\":{\"name\":\"default\",\"hook_eventNames\":\"contextmenu|select|selectstart|copy|cut|dragstart|mousedown|mouseup|mousemove|beforeunload\",\"unhook_eventNames\":\"keydown|keyup\",\"dom0\":true,\"hook_addEventListener\":true,\"hook_preventDefault\":true,\"hook_set_returnValue\":true,\"add_css\":true},\"rule_zhihu\":{\"name\":\"default\",\"hook_eventNames\":\"contextmenu|select|selectstart|copy|cut|dragstart|mousemove\",\"unhook_eventNames\":\"keydown|keyup\",\"dom0\":true,\"hook_addEventListener\":true,\"hook_preventDefault\":true,\"hook_set_returnValue\":true,\"add_css\":true}},\"data\":[\"*.live.com\",\"3gmfw.cn\",\"b.faloo.com\",\"bbs.coocaa.com\",\"book.hjsm.tom.com\",\"book.zhulang.com\",\"book.zongheng.com\",\"chokstick.com\",\"chuangshi.qq.com\",\"city.udn.com\",\"cutelisa55.pixnet.net\",\"doc.vzkoo.com\",\"huayu.baidu.com\",\"imac.hk\",\"ke.qq.com\",\"life.tw\",\"luxmuscles.com\",\"movie.douban.com\",\"news.missevan.com\",\"read.qidian.com\",\"reference.wolfram.com\",\"sddxs.sdsafeschool.gov.cn\",\"vipreader.qidian.com\",\"www.15yan.com\",\"www.17k.com\",\"www.18183.com\",\"www.360doc.com\",\"www.99meiju.tv\",\"www.coco01.net\",\"www.eyu.com\",\"www.hongshu.com\",\"www.hongxiu.com\",\"www.imooc.com\",\"www.jinzhun.net\",\"www.jjwxc.net\",\"www.myhtlmebook.com\",\"www.pigai.org\",\"www.ppkao.com\",\"www.readnovel.com\",\"www.ruiwen.com\",\"www.sdifen.com\",\"www.shangc.net\",\"www.tadu.com\",\"www.vzkoo.com\",\"www.xxsy.net\",\"www.z3z4.com\",\"www.zhihu.com\",\"yuedu.163.com\",\"wenku.baidu.com\"],\"shortcut\":3}"},"ts":1621413271285}