{"data":{"_global_id_":"n10356","globalKeydownEvent":"o{\"data\":{\"isTrusted\":true,\"DOM_KEY_LOCATION_STANDARD\":0,\"DOM_KEY_LOCATION_LEFT\":1,\"DOM_KEY_LOCATION_RIGHT\":2,\"DOM_KEY_LOCATION_NUMPAD\":3,\"key\":\"Control\",\"code\":\"ControlLeft\",\"location\":1,\"ctrlKey\":true,\"shiftKey\":false,\"altKey\":false,\"metaKey\":false,\"repeat\":false,\"isComposing\":false,\"charCode\":0,\"keyCode\":17,\"detail\":0,\"which\":17,\"NONE\":0,\"CAPTURING_PHASE\":1,\"AT_TARGET\":2,\"BUBBLING_PHASE\":3,\"type\":\"keydown\",\"eventPhase\":1,\"bubbles\":true,\"cancelable\":true,\"defaultPrevented\":false,\"composed\":true,\"timeStamp\":25689.155000000028,\"returnValue\":true,\"cancelBubble\":false},\"tabId\":10349,\"title\":\"pakku :: 哔哩哔哩弹幕过滤器\",\"referrer\":{\"href\":\"https://s.xmcp.ml/pakkujs/\",\"ancestorOrigins\":{\"length\":0},\"origin\":\"https://s.xmcp.ml\",\"protocol\":\"https:\",\"host\":\"s.xmcp.ml\",\"hostname\":\"s.xmcp.ml\",\"port\":\"\",\"pathname\":\"/pakkujs/\",\"search\":\"\",\"hash\":\"\"},\"updateTime\":1594813856095}","globalPictureInPictureInfo":"o{\"data\":{\"hasGlobalPictureInPictureElement\":true},\"tabId\":9262,\"title\":\"员工被绑？？？百万UP绝活解救_哔哩哔哩 (゜-゜)つロ 干杯~-bilibili\",\"referrer\":{\"href\":\"https://www.bilibili.com/video/BV1pD4y1Q7Nh\",\"ancestorOrigins\":{\"length\":0},\"origin\":\"https://www.bilibili.com\",\"protocol\":\"https:\",\"host\":\"www.bilibili.com\",\"hostname\":\"www.bilibili.com\",\"port\":\"\",\"pathname\":\"/video/BV1pD4y1Q7Nh\",\"search\":\"\",\"hash\":\"\"},\"updateTime\":1593913102313}"},"ts":1594814487380}