{"options":{"awareOfChrome":false,"check_for_updates":true,"comment":null,"compat_arrayleft":false,"compat_foreach":false,"compat_forvarin":false,"compat_metadata":false,"compat_uW_gmonkey":false,"compat_wrappedjsobject":false,"compatopts_for_requires":true,"noframes":null,"override":{"merge_connects":true,"merge_excludes":true,"merge_includes":true,"merge_matches":true,"orig_excludes":[],"orig_includes":[],"orig_matches":["*zhuti.xiaomi.com/detail/*"],"orig_noframes":null,"orig_run_at":"document-end","use_blockers":[],"use_connects":[],"use_excludes":[],"use_includes":[],"use_matches":[]},"run_at":null},"settings":{"enabled":true,"position":5},"meta":{"name":"MIUI 主题下载器","uuid":"88e27566-5a99-4e02-bf24-d8bdebbe5287","modified":1591537293271,"file_url":"https://greasyfork.org/scripts/374648-miui-%E4%B8%BB%E9%A2%98%E4%B8%8B%E8%BD%BD%E5%99%A8/code/MIUI%20%E4%B8%BB%E9%A2%98%E4%B8%8B%E8%BD%BD%E5%99%A8.user.js"}}