{"options":{"awareOfChrome":false,"check_for_updates":true,"comment":null,"compat_arrayleft":false,"compat_foreach":false,"compat_forvarin":false,"compat_metadata":false,"compat_uW_gmonkey":false,"compat_wrappedjsobject":false,"compatopts_for_requires":true,"noframes":null,"override":{"merge_connects":true,"merge_excludes":true,"merge_includes":true,"merge_matches":true,"orig_excludes":["https://user.qzone.qq.com/*"],"orig_includes":["https://*.qq.com/*","https://www.weiyun.com/video_*","https://v.youku.com/v_show/id_*","https://vku.youku.com/live/*","https://video.tudou.com/v/*","https://www.iqiyi.com/*","https://www.bilibili.com/*","https://www.ixigua.com/*","https://www.acfun.cn/*","*://v.pptv.com/show/*","*://www.miguvideo.com/*","https://tv.sohu.com/*","https://film.sohu.com/album/*","https://www.mgtv.com/*","*://www.fun.tv/vplay/*","*://m.fun.tv/*","*://*.163.com/*","*://*.icourse163.org/*","https://*.sina.com.cn/*","https://video.sina.cn/*","https://k.sina.cn/*","https://weibo.com/*","https://*.weibo.com/*","https://pan.baidu.com/*","https://yun.baidu.com/*","*://v.yinyuetai.com/video/*","*://v.yinyuetai.com/playlist/h5/*","*://v.ifeng.com/*","*://*.mtime.com/*","https://www.youtube.com/watch?v=*","https://www.ted.com/talks/*","*://www.yy.com/*","*://v.huya.com/play/*","https://www.huya.com/*","https://v.douyu.com/*","https://www.douyu.com/*","*://star.longzhu.com/*","https://www.zhanqi.tv/*","https://www.yunbtv.com/vodplay/*","*://www.dililitv.com/*","*://www.dynamicpuer.com/tv-play-*","https://www.i6v.cc/*/play/*"],"orig_matches":[],"orig_noframes":true,"orig_run_at":"document-start","use_blockers":[],"use_connects":[],"use_excludes":[],"use_includes":[],"use_matches":[]},"run_at":null},"settings":{"enabled":false,"position":3},"meta":{"name":"视频网HTML5播放小工具","uuid":"33c3db16-a46b-44bf-9554-02060ad345c5","modified":1591537293256,"file_url":"https://greasyfork.org/scripts/30545-%E8%A7%86%E9%A2%91%E7%BD%91html5%E6%92%AD%E6%94%BE%E5%B0%8F%E5%B7%A5%E5%85%B7/code/%E8%A7%86%E9%A2%91%E7%BD%91HTML5%E6%92%AD%E6%94%BE%E5%B0%8F%E5%B7%A5%E5%85%B7.user.js"}}