{"options":{"awareOfChrome":false,"check_for_updates":true,"comment":null,"compat_arrayleft":false,"compat_foreach":false,"compat_forvarin":false,"compat_metadata":false,"compat_prototypes":true,"compat_uW_gmonkey":false,"compat_wrappedjsobject":false,"compatopts_for_requires":true,"noframes":null,"override":{"merge_connects":true,"merge_excludes":true,"merge_includes":true,"merge_matches":true,"orig_excludes":[],"orig_includes":[],"orig_matches":["*://*.chaoxing.com/*","*://*.edu.cn/*"],"orig_noframes":null,"orig_run_at":"document-end","use_blockers":[],"use_connects":[],"use_excludes":[],"use_includes":[],"use_matches":[]},"run_at":null},"settings":{"enabled":false,"position":6},"meta":{"name":"超星尔雅学习通网课助手(最强题库-精准答题)","uuid":"f262b418-6f2b-4141-8f68-b48e05657b34","modified":1591537293273,"file_url":"https://greasyfork.org/scripts/401773-%E8%B6%85%E6%98%9F%E5%B0%94%E9%9B%85%E5%AD%A6%E4%B9%A0%E9%80%9A%E7%BD%91%E8%AF%BE%E5%8A%A9%E6%89%8B-%E6%9C%80%E5%BC%BA%E9%A2%98%E5%BA%93-%E7%B2%BE%E5%87%86%E7%AD%94%E9%A2%98/code/%E8%B6%85%E6%98%9F%E5%B0%94%E9%9B%85%E5%AD%A6%E4%B9%A0%E9%80%9A%E7%BD%91%E8%AF%BE%E5%8A%A9%E6%89%8B(%E6%9C%80%E5%BC%BA%E9%A2%98%E5%BA%93-%E7%B2%BE%E5%87%86%E7%AD%94%E9%A2%98).user.js"}}