{"options":{"awareOfChrome":false,"check_for_updates":true,"comment":null,"compat_arrayleft":false,"compat_foreach":false,"compat_forvarin":false,"compat_metadata":false,"compat_prototypes":true,"compat_uW_gmonkey":false,"compat_wrappedjsobject":false,"compatopts_for_requires":true,"noframes":null,"override":{"merge_connects":true,"merge_excludes":true,"merge_includes":true,"merge_matches":true,"orig_excludes":[],"orig_includes":[],"orig_matches":["*://*.chaoxing.com/*","*://*.edu.cn/*","*://*.nbdlib.cn/*","*://*.hnsyu.net/*"],"orig_noframes":null,"orig_run_at":"document-end","use_blockers":[],"use_connects":[],"use_excludes":[],"use_includes":[],"use_matches":[]},"run_at":null},"settings":{"enabled":false,"position":7},"meta":{"name":"超星网课助手最新版(可答题非考试版)","uuid":"947b0ac2-a574-46f4-a5ee-8ace4fe8e55e","modified":1591537293275,"file_url":"https://greasyfork.org/scripts/403555-%E8%B6%85%E6%98%9F%E7%BD%91%E8%AF%BE%E5%8A%A9%E6%89%8B%E6%9C%80%E6%96%B0%E7%89%88-%E5%8F%AF%E7%AD%94%E9%A2%98%E9%9D%9E%E8%80%83%E8%AF%95%E7%89%88/code/%E8%B6%85%E6%98%9F%E7%BD%91%E8%AF%BE%E5%8A%A9%E6%89%8B%E6%9C%80%E6%96%B0%E7%89%88(%E5%8F%AF%E7%AD%94%E9%A2%98%E9%9D%9E%E8%80%83%E8%AF%95%E7%89%88).user.js"}}